timestamp,실제수요_MWh,Decision Tree_예측,Random Forest_예측,Gradient Boosting_예측,XGBoost_예측,LightGBM_예측
2024-08-01 00:00:00,2452,2450,2487,2468,2503,2500
2024-08-01 01:00:00,2197,2231,2182,2147,2161,2206
2024-08-01 02:00:00,2047,2011,2020,2008,2018,2024
2024-08-01 03:00:00,1955,1986,1960,1924,1934,1944
2024-08-01 04:00:00,1943,1986,1946,1931,1944,1944
2024-08-01 05:00:00,2048,2011,2025,2015,2062,2017
2024-08-01 06:00:00,2351,2450,2419,2363,2364,2382
2024-08-01 07:00:00,2776,2857,2849,2832,2851,2863
2024-08-01 08:00:00,3224,3620,3511,3430,3469,3498
2024-08-01 09:00:00,3591,3620,3685,3690,3706,3700
2024-08-01 10:00:00,3797,3892,3834,3817,3839,3840
2024-08-01 11:00:00,3894,3926,3940,3971,3988,3997
2024-08-01 12:00:00,3941,3928,3984,3992,3995,3996
2024-08-01 13:00:00,3996,3928,3970,4003,3987,4004
2024-08-01 14:00:00,4036,3928,3987,3958,4013,4012
2024-08-01 15:00:00,4032,4061,4007,3956,4005,4013
2024-08-01 16:00:00,4057,4072,3994,3955,4005,4003
2024-08-01 17:00:00,4050,4061,3978,3994,3987,3987
2024-08-01 18:00:00,3927,4061,3944,3949,3931,3964
2024-08-01 19:00:00,3839,3892,3870,3882,3908,3898
2024-08-01 20:00:00,3669,3692,3817,3798,3764,3831
2024-08-01 21:00:00,3402,3194,3439,3363,3389,3417
2024-08-01 22:00:00,3095,3046,3156,3171,3128,3171
2024-08-01 23:00:00,2802,2988,2885,2853,2859,2909
2024-08-02 00:00:00,2501,2676,2556,2526,2596,2567
2024-08-02 01:00:00,2241,2308,2272,2274,2277,2306
2024-08-02 02:00:00,2084,1691,2042,2060,2068,2083
2024-08-02 03:00:00,1991,1927,1982,1976,1984,1992
2024-08-02 04:00:00,1973,1986,1977,1961,1982,1982
2024-08-02 05:00:00,2090,1691,2041,2066,2060,2071
2024-08-02 06:00:00,2393,2450,2435,2408,2377,2350
2024-08-02 07:00:00,2825,2857,2889,2901,2909,2935
2024-08-02 08:00:00,3272,3620,3520,3462,3492,3502
2024-08-02 09:00:00,3617,3620,3684,3699,3705,3706
2024-08-02 10:00:00,3790,3641,3757,3772,3798,3819
2024-08-02 11:00:00,3883,3843,3885,3885,3866,3941
2024-08-02 12:00:00,3936,3843,3910,3891,3864,3958
2024-08-02 13:00:00,4014,3928,3964,3964,3989,3999
2024-08-02 14:00:00,4000,3928,3949,3961,3998,4007
2024-08-02 15:00:00,3999,4072,3977,3970,4004,4024
2024-08-02 16:00:00,4031,4072,3991,3965,4018,4009
2024-08-02 17:00:00,4011,4072,3986,3965,4016,4005
2024-08-02 18:00:00,3860,4072,3963,3964,3926,3960
2024-08-02 19:00:00,3770,3692,3886,3894,3898,3933
2024-08-02 20:00:00,3609,3692,3827,3750,3739,3770
2024-08-02 21:00:00,3351,3595,3522,3545,3395,3460
2024-08-02 22:00:00,3067,3194,3209,3230,3177,3210
2024-08-02 23:00:00,2815,2988,2942,2945,2945,2996
2024-08-03 00:00:00,2528,2676,2552,2556,2590,2571
2024-08-03 01:00:00,2256,2232,2287,2250,2252,2290
2024-08-03 02:00:00,2086,2099,2114,2087,2110,2132
2024-08-03 03:00:00,1980,2011,2012,2019,2003,2010
2024-08-03 04:00:00,1940,1927,1960,1944,1967,1956
2024-08-03 05:00:00,1978,2099,2056,1998,2015,2035
2024-08-03 06:00:00,2114,2069,2114,2125,2173,2166
2024-08-03 07:00:00,2348,2628,2523,2565,2546,2517
2024-08-03 08:00:00,2654,2900,2838,2810,2846,2840
2024-08-03 09:00:00,3023,3266,3317,3229,3229,3209
2024-08-03 10:00:00,3324,3892,3833,3668,3564,3741
2024-08-03 11:00:00,3478,4009,3930,3803,3675,3821
2024-08-03 12:00:00,3564,4072,3965,3783,3722,3855
2024-08-03 13:00:00,3603,4061,3958,3795,3726,3879
2024-08-03 14:00:00,3600,4061,3955,3779,3685,3840
2024-08-03 15:00:00,3588,4061,3950,3763,3681,3843
2024-08-03 16:00:00,3597,4061,3920,3749,3673,3847
2024-08-03 17:00:00,3610,4061,3896,3763,3667,3855
2024-08-03 18:00:00,3583,4061,3852,3804,3659,3859
2024-08-03 19:00:00,3544,3864,3811,3758,3642,3822
2024-08-03 20:00:00,3437,3767,3566,3532,3360,3590
2024-08-03 21:00:00,3225,3194,3204,3179,3169,3132
2024-08-03 22:00:00,2974,3345,3080,3074,3050,3010
2024-08-03 23:00:00,2735,2988,2882,2835,2816,2817
2024-08-04 00:00:00,2450,2628,2586,2581,2648,2526
2024-08-04 01:00:00,2220,2232,2257,2226,2219,2220
2024-08-04 02:00:00,2061,2099,2114,2066,2066,2041
2024-08-04 03:00:00,1955,1927,1970,1970,1959,1950
2024-08-04 04:00:00,1912,1868,1930,1922,1953,1913
2024-08-04 05:00:00,1936,1927,1960,1972,1961,1964
2024-08-04 06:00:00,2063,2099,2081,2051,2075,2054
2024-08-04 07:00:00,2296,2382,2319,2286,2288,2272
2024-08-04 08:00:00,2613,2988,2808,2824,2800,2813
2024-08-04 09:00:00,2970,3094,3099,3033,3122,3133
2024-08-04 10:00:00,3261,3052,3296,3309,3332,3332
2024-08-04 11:00:00,3405,3052,3395,3415,3311,3451
2024-08-04 12:00:00,3511,3181,3472,3523,3377,3552
2024-08-04 13:00:00,3574,3864,3755,3610,3497,3697
2024-08-04 14:00:00,3579,3864,3762,3617,3492,3693
2024-08-04 15:00:00,3577,3864,3758,3615,3500,3677
2024-08-04 16:00:00,3606,3864,3714,3606,3465,3653
2024-08-04 17:00:00,3663,3864,3741,3633,3511,3702
2024-08-04 18:00:00,3682,3864,3717,3663,3506,3707
2024-08-04 19:00:00,3673,3767,3711,3648,3490,3696
2024-08-04 20:00:00,3585,3595,3621,3643,3395,3612
2024-08-04 21:00:00,3379,3194,3263,3338,3257,3246
2024-08-04 22:00:00,3106,3345,3122,3054,3075,3065
2024-08-04 23:00:00,2819,2988,2925,2832,2837,2812
2024-08-05 00:00:00,2491,2676,2707,2609,2668,2568
2024-08-05 01:00:00,2213,2292,2362,2437,2388,2493
2024-08-05 02:00:00,2067,2099,2088,2091,2071,2046
2024-08-05 03:00:00,1995,1927,1980,2001,1999,1972
2024-08-05 04:00:00,1993,1937,1953,1969,1976,1966
2024-08-05 05:00:00,2123,1937,2014,2093,2098,2069
2024-08-05 06:00:00,2441,2450,2443,2459,2497,2428
2024-08-05 07:00:00,2892,2711,2823,2887,2960,2941
2024-08-05 08:00:00,3396,3620,3546,3464,3513,3495
2024-08-05 09:00:00,3835,3595,3708,3727,3734,3760
2024-08-05 10:00:00,4096,3595,3852,3949,3963,3933
2024-08-05 11:00:00,4180,3595,3875,3973,3973,3958
2024-08-05 12:00:00,4213,3595,3890,3980,4009,3987
2024-08-05 13:00:00,4234,3933,3920,3967,3976,3972
2024-08-05 14:00:00,4188,3933,3921,3988,3960,3990
2024-08-05 15:00:00,4225,3827,3919,3967,3962,3987
2024-08-05 16:00:00,4176,3827,3912,3963,3957,3974
2024-08-05 17:00:00,4148,3827,3903,3950,3952,3953
2024-08-05 18:00:00,4041,3827,3877,3914,3924,3939
2024-08-05 19:00:00,3919,3827,3841,3874,3876,3890
2024-08-05 20:00:00,3719,3692,3744,3734,3692,3796
2024-08-05 21:00:00,3437,3334,3388,3372,3399,3433
2024-08-05 22:00:00,3089,3345,3206,3193,3163,3210
2024-08-05 23:00:00,2732,2988,2883,2835,2879,2838
2024-08-06 00:00:00,2421,2513,2529,2466,2496,2546
2024-08-06 01:00:00,2185,2308,2255,2241,2215,2254
2024-08-06 02:00:00,2043,2099,2089,2043,2063,2109
2024-08-06 03:00:00,1952,1927,1982,1958,1951,1960
2024-08-06 04:00:00,1931,1927,1980,1958,1959,1965
2024-08-06 05:00:00,2055,2099,2114,2043,2056,2063
2024-08-06 06:00:00,2371,2466,2420,2384,2400,2420
2024-08-06 07:00:00,2810,3053,2872,2792,2799,2798
2024-08-06 08:00:00,3257,3216,3289,3259,3269,3213
2024-08-06 09:00:00,3561,3620,3594,3539,3597,3550
2024-08-06 10:00:00,3739,3738,3724,3700,3733,3731
2024-08-06 11:00:00,3853,3738,3767,3787,3810,3821
2024-08-06 12:00:00,3940,3926,3929,3906,3891,3976
2024-08-06 13:00:00,4024,3928,3979,3971,3957,3997
2024-08-06 14:00:00,4042,3926,3930,3915,3890,3976
2024-08-06 15:00:00,4090,4061,4000,3980,3972,4005
2024-08-06 16:00:00,4105,4061,4003,3986,3987,3999
2024-08-06 17:00:00,4109,3928,3960,3989,3968,3994
2024-08-06 18:00:00,3981,4061,3954,3959,3919,3958
2024-08-06 19:00:00,3907,3928,3943,3936,3885,3947
2024-08-06 20:00:00,3732,3767,3858,3820,3818,3859
2024-08-06 21:00:00,3447,3595,3716,3692,3627,3760
2024-08-06 22:00:00,3126,3334,3328,3270,3262,3304
2024-08-06 23:00:00,2823,3345,2956,2921,2931,2972
2024-08-07 00:00:00,2504,2676,2545,2533,2590,2579
2024-08-07 01:00:00,2237,2308,2284,2275,2294,2317
2024-08-07 02:00:00,2076,2011,2094,2092,2082,2096
2024-08-07 03:00:00,1982,1927,1995,1972,1970,1976
2024-08-07 04:00:00,1962,1986,1984,1931,1935,1956
2024-08-07 05:00:00,2091,2099,2084,2078,2103,2100
2024-08-07 06:00:00,2414,2450,2478,2406,2400,2382
2024-08-07 07:00:00,2879,2857,2876,2850,2831,2860
2024-08-07 08:00:00,3395,3216,3345,3363,3395,3351
2024-08-07 09:00:00,3780,3620,3716,3720,3740,3731
2024-08-07 10:00:00,3870,3641,3768,3767,3776,3756
2024-08-07 11:00:00,3919,3641,3745,3770,3786,3786
2024-08-07 12:00:00,4033,3926,3918,3894,3882,3958
2024-08-07 13:00:00,4116,3928,3989,3943,3958,4001
2024-08-07 14:00:00,4157,3928,3982,3970,3985,4006
2024-08-07 15:00:00,4154,3928,3979,3939,3987,4000
2024-08-07 16:00:00,4150,3928,3978,3950,3990,3994
2024-08-07 17:00:00,4136,3928,3959,3951,3968,3989
2024-08-07 18:00:00,3968,3926,3923,3930,3925,3971
2024-08-07 19:00:00,3871,3926,3879,3871,3812,3921
2024-08-07 20:00:00,3669,3420,3594,3624,3624,3668
2024-08-07 21:00:00,3374,3366,3491,3465,3454,3525
2024-08-07 22:00:00,3054,3278,3272,3276,3220,3246
2024-08-07 23:00:00,2757,2857,2909,2830,2853,2874
2024-08-08 00:00:00,2455,2629,2622,2596,2592,2622
2024-08-08 01:00:00,2211,2308,2307,2317,2303,2333
2024-08-08 02:00:00,2065,2231,2141,2114,2109,2176
2024-08-08 03:00:00,1977,2011,2018,1996,2000,2005
2024-08-08 04:00:00,1965,2011,2001,1979,1993,2002
2024-08-08 05:00:00,2082,2231,2137,2110,2131,2165
2024-08-08 06:00:00,2411,2450,2481,2447,2459,2499
2024-08-08 07:00:00,2847,3053,2973,2946,2932,2987
2024-08-08 08:00:00,3289,3620,3529,3432,3472,3487
2024-08-08 09:00:00,3634,3620,3621,3592,3632,3603
2024-08-08 10:00:00,3867,3641,3751,3788,3819,3825
2024-08-08 11:00:00,3955,3641,3774,3792,3817,3821
2024-08-08 12:00:00,3985,3641,3781,3807,3834,3829
2024-08-08 13:00:00,3971,3641,3774,3776,3792,3815
2024-08-08 14:00:00,3977,3641,3773,3792,3803,3813
2024-08-08 15:00:00,3938,3926,3894,3902,3891,3966
2024-08-08 16:00:00,3971,3926,3934,3924,3965,3975
2024-08-08 17:00:00,3973,3926,3954,3908,3961,3998
2024-08-08 18:00:00,3825,3926,3823,3847,3807,3882
2024-08-08 19:00:00,3734,3926,3777,3833,3787,3849
2024-08-08 20:00:00,3560,3420,3595,3631,3623,3664
2024-08-08 21:00:00,3289,3420,3504,3476,3440,3515
2024-08-08 22:00:00,2984,3278,3255,3185,3135,3191
2024-08-08 23:00:00,2694,2857,2901,2839,2815,2861
2024-08-09 00:00:00,2394,2629,2639,2566,2578,2656
2024-08-09 01:00:00,2151,2308,2294,2300,2288,2293
2024-08-09 02:00:00,2004,2231,2140,2120,2114,2148
2024-08-09 03:00:00,1915,2011,2049,2014,2011,2018
2024-08-09 04:00:00,1904,2011,2014,1983,1989,1993
2024-08-09 05:00:00,2027,2202,2140,2123,2124,2139
2024-08-09 06:00:00,2346,2450,2458,2452,2439,2485
2024-08-09 07:00:00,2793,3216,2942,2946,2849,2955
2024-08-09 08:00:00,3293,3620,3523,3456,3451,3475
2024-08-09 09:00:00,3699,3620,3700,3719,3750,3723
2024-08-09 10:00:00,3941,3641,3771,3807,3839,3826
2024-08-09 11:00:00,4045,3641,3778,3809,3810,3807
2024-08-09 12:00:00,4106,3843,3876,3919,3916,3928
2024-08-09 13:00:00,4151,3843,3972,3959,3987,4015
2024-08-09 14:00:00,4164,3928,3996,3990,4000,4017
2024-08-09 15:00:00,4133,3843,3971,3967,3991,4013
2024-08-09 16:00:00,4102,3928,3963,3950,3966,3993
2024-08-09 17:00:00,4040,3928,3975,3945,3979,4000
2024-08-09 18:00:00,3860,3892,3878,3856,3888,3954
2024-08-09 19:00:00,3766,3767,3856,3874,3862,3885
2024-08-09 20:00:00,3605,3767,3718,3713,3696,3774
2024-08-09 21:00:00,3336,3295,3514,3544,3539,3584
2024-08-09 22:00:00,3046,3046,3278,3267,3282,3272
2024-08-09 23:00:00,2780,3345,2985,2910,2916,2984
2024-08-10 00:00:00,2489,2475,2647,2728,2753,2766
2024-08-10 01:00:00,2230,2231,2295,2294,2292,2269
2024-08-10 02:00:00,2061,1962,2090,2102,2123,2174
2024-08-10 03:00:00,1960,1986,1985,1942,2001,1989
2024-08-10 04:00:00,1922,1986,1962,1900,1936,1938
2024-08-10 05:00:00,1961,2011,2046,1977,2007,2021
2024-08-10 06:00:00,2108,2382,2249,2132,2153,2168
2024-08-10 07:00:00,2341,2628,2515,2550,2501,2477
2024-08-10 08:00:00,2678,2900,2824,2754,2779,2787
2024-08-10 09:00:00,3081,3266,3342,3227,3244,3251
2024-08-10 10:00:00,3394,3843,3836,3666,3605,3795
2024-08-10 11:00:00,3559,4009,3934,3759,3660,3822
2024-08-10 12:00:00,3621,4009,3940,3781,3706,3881
2024-08-10 13:00:00,3620,4009,3934,3805,3714,3886
2024-08-10 14:00:00,3595,4009,3934,3812,3703,3879
2024-08-10 15:00:00,3565,4009,3924,3855,3690,3881
2024-08-10 16:00:00,3520,4061,3929,3781,3684,3865
2024-08-10 17:00:00,3524,4009,3900,3769,3693,3846
2024-08-10 18:00:00,3521,4009,3870,3840,3687,3885
2024-08-10 19:00:00,3489,3767,3824,3797,3669,3850
2024-08-10 20:00:00,3390,3767,3565,3510,3326,3608
2024-08-10 21:00:00,3188,3295,3387,3376,3247,3427
2024-08-10 22:00:00,2938,3057,3168,3090,3118,3087
2024-08-10 23:00:00,2697,3345,2974,2872,2868,2895
2024-08-11 00:00:00,2425,2664,2659,2574,2620,2576
2024-08-11 01:00:00,2207,2108,2295,2299,2295,2259
2024-08-11 02:00:00,2057,2286,2123,2105,2072,2073
2024-08-11 03:00:00,1959,2011,1978,1981,1954,1932
2024-08-11 04:00:00,1912,1805,1929,1942,1937,1906
2024-08-11 05:00:00,1932,2011,1967,1970,1950,1945
2024-08-11 06:00:00,2058,2286,2133,2086,2079,2124
2024-08-11 07:00:00,2272,2450,2448,2387,2370,2312
2024-08-11 08:00:00,2540,2988,2839,2836,2831,2826
2024-08-11 09:00:00,2863,3052,3241,3168,3249,3212
2024-08-11 10:00:00,3133,3595,3738,3548,3441,3590
2024-08-11 11:00:00,3275,3864,3767,3612,3498,3688
2024-08-11 12:00:00,3367,3864,3770,3632,3520,3703
2024-08-11 13:00:00,3421,3864,3772,3651,3548,3715
2024-08-11 14:00:00,3436,3864,3777,3652,3544,3711
2024-08-11 15:00:00,3442,3864,3771,3649,3551,3714
2024-08-11 16:00:00,3452,3595,3708,3636,3517,3701
2024-08-11 17:00:00,3486,3688,3688,3641,3505,3683
2024-08-11 18:00:00,3520,3688,3647,3669,3459,3694
2024-08-11 19:00:00,3519,3688,3639,3668,3437,3692
2024-08-11 20:00:00,3428,3595,3618,3649,3390,3679
2024-08-11 21:00:00,3236,3595,3581,3511,3277,3589
2024-08-11 22:00:00,2970,3057,3167,3197,3079,3232
2024-08-11 23:00:00,2699,3345,2986,2913,2894,2892
2024-08-12 00:00:00,2397,2664,2750,2699,2714,2643
2024-08-12 01:00:00,2183,2292,2382,2505,2511,2528
2024-08-12 02:00:00,2042,2238,2193,2249,2199,2181
2024-08-12 03:00:00,1967,2011,2049,2099,2113,2067
2024-08-12 04:00:00,1971,1937,2006,2073,2085,2059
2024-08-12 05:00:00,2115,2181,2196,2264,2249,2197
2024-08-12 06:00:00,2470,2774,2609,2642,2623,2583
2024-08-12 07:00:00,2969,3124,3003,3112,3126,3088
2024-08-12 08:00:00,3519,3595,3588,3590,3613,3656
2024-08-12 09:00:00,3945,3595,3661,3752,3733,3815
2024-08-12 10:00:00,4189,3595,3812,3882,3875,3911
2024-08-12 11:00:00,4293,3595,3875,3978,3959,3961
2024-08-12 12:00:00,4355,3595,3877,3979,3966,3958
2024-08-12 13:00:00,4374,3595,3877,3963,3940,3945
2024-08-12 14:00:00,4350,3595,3875,3947,3925,3951
2024-08-12 15:00:00,4291,3595,3876,3939,3940,3952
2024-08-12 16:00:00,4277,3595,3870,3935,3920,3937
2024-08-12 17:00:00,4251,3688,3866,3933,3918,3931
2024-08-12 18:00:00,4141,3688,3838,3901,3883,3911
2024-08-12 19:00:00,4052,3688,3838,3887,3876,3899
2024-08-12 20:00:00,3868,3595,3808,3804,3763,3816
2024-08-12 21:00:00,3562,3595,3775,3740,3720,3751
2024-08-12 22:00:00,3224,3046,3407,3402,3469,3466
2024-08-12 23:00:00,2896,3345,3033,3032,3046,3001
2024-08-13 00:00:00,2574,2676,2606,2503,2605,2649
2024-08-13 01:00:00,2309,2308,2305,2288,2328,2348
2024-08-13 02:00:00,2158,1980,2120,2128,2127,2175
2024-08-13 03:00:00,2066,2011,2021,2003,2026,2018
2024-08-13 04:00:00,2046,2011,2016,2012,2030,2013
2024-08-13 05:00:00,2177,2231,2174,2151,2140,2182
2024-08-13 06:00:00,2522,2513,2538,2553,2555,2572
2024-08-13 07:00:00,3019,3053,3078,3050,3075,3098
2024-08-13 08:00:00,3572,3595,3711,3657,3639,3586
2024-08-13 09:00:00,3998,3926,3947,3928,3901,3909
2024-08-13 10:00:00,4250,3928,3986,3983,3968,3995
2024-08-13 11:00:00,4360,3928,3982,3977,3967,4001
2024-08-13 12:00:00,4423,4061,4007,3995,3986,3996
2024-08-13 13:00:00,4470,4061,4005,3998,3979,3998
2024-08-13 14:00:00,4481,4061,4003,4011,3984,3995
2024-08-13 15:00:00,4466,4061,4002,3999,3978,3994
2024-08-13 16:00:00,4436,4061,3993,3989,3980,3987
2024-08-13 17:00:00,4318,4061,3972,3971,3977,3984
2024-08-13 18:00:00,4119,3928,3926,3930,3885,3938
2024-08-13 19:00:00,4037,3928,3915,3912,3866,3919
2024-08-13 20:00:00,3873,3926,3853,3770,3723,3896
2024-08-13 21:00:00,3600,3767,3801,3738,3646,3787
2024-08-13 22:00:00,3277,3334,3436,3440,3417,3468
2024-08-13 23:00:00,2957,3046,3090,3034,3009,3117
2024-08-14 00:00:00,2632,2988,2857,2807,2857,2821
2024-08-14 01:00:00,2370,2251,2345,2358,2391,2361
2024-08-14 02:00:00,2214,2308,2244,2238,2236,2260
2024-08-14 03:00:00,2114,2099,2111,2118,2129,2139
2024-08-14 04:00:00,2095,2011,2055,2067,2096,2087
2024-08-14 05:00:00,2221,2308,2274,2243,2273,2270
2024-08-14 06:00:00,2575,2628,2604,2633,2652,2630
2024-08-14 07:00:00,3082,3216,3158,3213,3211,3158
2024-08-14 08:00:00,3617,3827,3683,3645,3669,3656
2024-08-14 09:00:00,4044,3928,3966,3902,3920,3929
2024-08-14 10:00:00,4302,3928,3965,3938,3963,4007
2024-08-14 11:00:00,4422,4061,3992,3958,4000,4005
2024-08-14 12:00:00,4479,4061,3972,3959,3992,4011
2024-08-14 13:00:00,4514,4061,3964,3941,3963,3984
2024-08-14 14:00:00,4526,4061,3987,3973,3998,4001
2024-08-14 15:00:00,4501,4061,3966,3958,3989,4000
2024-08-14 16:00:00,4462,4061,3967,3916,3961,3980
2024-08-14 17:00:00,4291,3926,3902,3881,3847,3924
2024-08-14 18:00:00,4000,3517,3606,3621,3596,3611
2024-08-14 19:00:00,3841,3420,3529,3551,3530,3549
2024-08-14 20:00:00,3641,3420,3510,3494,3492,3540
2024-08-14 21:00:00,3400,3420,3461,3412,3434,3451
2024-08-14 22:00:00,3122,3278,3303,3212,3211,3210
2024-08-14 23:00:00,2870,3053,2961,2876,2930,2892
2024-08-15 00:00:00,2597,2628,2663,2667,2681,2683
2024-08-15 01:00:00,2335,2366,2364,2361,2390,2386
2024-08-15 02:00:00,2171,2308,2262,2253,2248,2301
2024-08-15 03:00:00,2065,2099,2108,2074,2097,2121
2024-08-15 04:00:00,2025,2099,2107,2065,2076,2101
2024-08-15 05:00:00,2055,2308,2265,2237,2237,2251
2024-08-15 06:00:00,2174,2628,2603,2565,2584,2563
2024-08-15 07:00:00,2404,3216,3148,3087,3098,3099
2024-08-15 08:00:00,2690,3620,3569,3499,3513,3480
2024-08-15 09:00:00,3023,3620,3725,3744,3765,3756
2024-08-15 10:00:00,3319,3641,3786,3810,3841,3848
2024-08-15 11:00:00,3494,3926,3915,3919,3916,4019
2024-08-15 12:00:00,3597,3928,3968,3946,3998,4018
2024-08-15 13:00:00,3629,3928,3953,3940,3991,4016
2024-08-15 14:00:00,3649,4061,4000,3979,4000,4013
2024-08-15 15:00:00,3648,4061,3981,3973,3985,4011
2024-08-15 16:00:00,3617,4061,3973,3946,3972,3986
2024-08-15 17:00:00,3582,3620,3692,3716,3683,3700
2024-08-15 18:00:00,3551,3517,3612,3664,3643,3690
2024-08-15 19:00:00,3519,3420,3613,3647,3650,3689
2024-08-15 20:00:00,3425,3420,3498,3503,3423,3509
2024-08-15 21:00:00,3211,3366,3419,3403,3325,3405
2024-08-15 22:00:00,2958,3278,3116,3083,3069,3041
2024-08-15 23:00:00,2702,3053,2903,2776,2800,2762
2024-08-16 00:00:00,2406,2628,2592,2523,2606,2541
2024-08-16 01:00:00,2193,2366,2339,2305,2277,2246
2024-08-16 02:00:00,2059,2308,2175,2142,2147,2157
2024-08-16 03:00:00,1983,2099,2062,2019,2013,2032
2024-08-16 04:00:00,1977,2011,2013,1983,1984,1998
2024-08-16 05:00:00,2114,2286,2082,2056,2074,2058
2024-08-16 06:00:00,2439,2450,2409,2384,2375,2355
2024-08-16 07:00:00,2912,2711,2831,2798,2829,2828
2024-08-16 08:00:00,3437,3581,3556,3391,3402,3446
2024-08-16 09:00:00,3852,3581,3639,3524,3571,3600
2024-08-16 10:00:00,4093,3595,3801,3838,3826,3867
2024-08-16 11:00:00,4197,3595,3875,3873,3931,3940
2024-08-16 12:00:00,4250,3864,3897,3904,3901,3968
2024-08-16 13:00:00,4300,3933,3909,3916,3963,3962
2024-08-16 14:00:00,4308,3933,3921,3947,3979,3972
2024-08-16 15:00:00,4274,3827,3903,3937,3954,3969
2024-08-16 16:00:00,4246,3827,3897,3923,3946,3954
2024-08-16 17:00:00,4208,3827,3882,3908,3913,3934
2024-08-16 18:00:00,4013,3827,3847,3853,3857,3913
2024-08-16 19:00:00,3868,3688,3794,3752,3732,3851
2024-08-16 20:00:00,3665,3420,3598,3622,3636,3683
2024-08-16 21:00:00,3367,3295,3481,3456,3448,3536
2024-08-16 22:00:00,3075,3046,3236,3266,3276,3251
2024-08-16 23:00:00,2819,2857,2952,2931,2847,2943
2024-08-17 00:00:00,2541,2629,2649,2652,2657,2722
2024-08-17 01:00:00,2290,2108,2309,2275,2283,2283
2024-08-17 02:00:00,2126,2231,2142,2097,2090,2134
2024-08-17 03:00:00,2025,2011,2026,1990,1992,1997
2024-08-17 04:00:00,1982,2011,2011,1972,1975,1987
2024-08-17 05:00:00,2023,2099,2082,2008,2031,2029
2024-08-17 06:00:00,2162,2382,2281,2224,2264,2245
2024-08-17 07:00:00,2424,2628,2549,2537,2530,2483
2024-08-17 08:00:00,2784,2900,2934,2875,2868,2842
2024-08-17 09:00:00,3183,3520,3460,3334,3342,3381
2024-08-17 10:00:00,3477,3843,3799,3638,3569,3756
2024-08-17 11:00:00,3633,3843,3944,3804,3693,3870
2024-08-17 12:00:00,3711,3928,3942,3831,3714,3882
2024-08-17 13:00:00,3706,3928,3934,3840,3708,3883
2024-08-17 14:00:00,3684,3928,3930,3850,3691,3881
2024-08-17 15:00:00,3663,4009,3940,3848,3705,3885
2024-08-17 16:00:00,3646,4009,3925,3830,3660,3865
2024-08-17 17:00:00,3615,4061,3918,3780,3674,3849
2024-08-17 18:00:00,3531,4009,3878,3760,3647,3860
2024-08-17 19:00:00,3473,3420,3484,3462,3385,3471
2024-08-17 20:00:00,3346,3420,3453,3398,3293,3432
2024-08-17 21:00:00,3137,3278,3251,3170,3096,3221
2024-08-17 22:00:00,2905,3278,3101,3070,3051,3019
2024-08-17 23:00:00,2682,2857,2839,2758,2789,2783
2024-08-18 00:00:00,2425,2628,2583,2530,2592,2566
2024-08-18 01:00:00,2215,2382,2303,2239,2253,2277
2024-08-18 02:00:00,2064,2286,2134,2063,2084,2108
2024-08-18 03:00:00,1965,2011,2012,1959,1974,1966
2024-08-18 04:00:00,1928,2011,1983,1943,1959,1945
2024-08-18 05:00:00,1957,2011,2011,1965,1966,1970
2024-08-18 06:00:00,2074,2145,2138,2075,2088,2099
2024-08-18 07:00:00,2302,2513,2462,2388,2387,2344
2024-08-18 08:00:00,2591,2628,2697,2695,2710,2730
2024-08-18 09:00:00,2927,3052,3255,3258,3219,3229
2024-08-18 10:00:00,3210,3052,3400,3431,3305,3457
2024-08-18 11:00:00,3367,3864,3826,3726,3577,3826
2024-08-18 12:00:00,3499,3864,3860,3747,3604,3827
2024-08-18 13:00:00,3554,3864,3862,3746,3619,3832
2024-08-18 14:00:00,3555,3864,3815,3648,3525,3741
2024-08-18 15:00:00,3501,3864,3765,3597,3529,3678
2024-08-18 16:00:00,3523,3864,3761,3609,3497,3679
2024-08-18 17:00:00,3545,3864,3749,3642,3537,3710
2024-08-18 18:00:00,3572,3864,3678,3577,3485,3687
2024-08-18 19:00:00,3570,3688,3646,3536,3443,3669
2024-08-18 20:00:00,3433,3595,3587,3532,3367,3627
2024-08-18 21:00:00,3186,3246,3364,3349,3229,3424
2024-08-18 22:00:00,2927,3057,3015,2969,2943,2976
2024-08-18 23:00:00,2663,2857,2812,2758,2746,2776
2024-08-19 00:00:00,2369,2513,2591,2543,2591,2485
2024-08-19 01:00:00,2161,2292,2368,2415,2428,2517
2024-08-19 02:00:00,2034,2238,2166,2170,2126,2161
2024-08-19 03:00:00,1962,2011,2025,2030,2033,2026
2024-08-19 04:00:00,1967,1937,1984,1988,2003,1995
2024-08-19 05:00:00,2117,2181,2200,2211,2217,2206
2024-08-19 06:00:00,2480,2297,2565,2561,2547,2606
2024-08-19 07:00:00,2988,3124,2981,3035,3031,3039
2024-08-19 08:00:00,3545,3581,3631,3589,3613,3624
2024-08-19 09:00:00,3966,3581,3667,3680,3712,3700
2024-08-19 10:00:00,4210,3595,3839,3901,3877,3928
2024-08-19 11:00:00,4321,3595,3870,3972,3960,3958
2024-08-19 12:00:00,4388,3595,3885,3992,3993,3954
2024-08-19 13:00:00,4433,3933,3921,4015,3989,3985
2024-08-19 14:00:00,4443,3827,3921,4021,3992,3985
2024-08-19 15:00:00,4434,3595,3880,3972,3980,3952
2024-08-19 16:00:00,4393,3595,3880,3979,3969,3967
2024-08-19 17:00:00,4341,3827,3886,3949,3928,3943
2024-08-19 18:00:00,4056,3620,3675,3711,3741,3776
2024-08-19 19:00:00,3922,3620,3651,3579,3591,3593
2024-08-19 20:00:00,3750,3420,3549,3537,3503,3595
2024-08-19 21:00:00,3487,3420,3527,3505,3476,3577
2024-08-19 22:00:00,3156,3295,3402,3352,3318,3437
2024-08-19 23:00:00,2848,3046,2986,2966,2918,2972
2024-08-20 00:00:00,2543,2475,2622,2645,2674,2726
2024-08-20 01:00:00,2287,2450,2413,2425,2451,2468
2024-08-20 02:00:00,2143,1980,2131,2133,2130,2179
2024-08-20 03:00:00,2053,1980,2066,2092,2087,2137
2024-08-20 04:00:00,2049,1980,2056,2045,2053,2092
2024-08-20 05:00:00,2179,2231,2211,2166,2197,2229
2024-08-20 06:00:00,2530,2711,2659,2609,2638,2666
2024-08-20 07:00:00,3043,3216,3148,3045,3091,3091
2024-08-20 08:00:00,3591,3620,3669,3629,3647,3632
2024-08-20 09:00:00,4015,3926,3901,3860,3843,3906
2024-08-20 10:00:00,4271,3928,3976,3977,3968,3993
2024-08-20 11:00:00,4392,4061,4004,3986,3968,4000
2024-08-20 12:00:00,4477,4061,4007,3995,3986,3999
2024-08-20 13:00:00,4523,4061,4003,4000,3987,4000
2024-08-20 14:00:00,4528,4061,4004,4009,3993,4004
2024-08-20 15:00:00,4526,4061,3997,3986,3975,3994
2024-08-20 16:00:00,4527,4061,3993,3986,3977,3988
2024-08-20 17:00:00,4499,4061,3973,3982,3958,3980
2024-08-20 18:00:00,4346,4061,3950,3950,3899,3944
2024-08-20 19:00:00,4257,4061,3955,3942,3899,3951
2024-08-20 20:00:00,4062,3767,3876,3828,3793,3878
2024-08-20 21:00:00,3761,3595,3813,3778,3750,3829
2024-08-20 22:00:00,3403,3595,3782,3734,3689,3764
2024-08-20 23:00:00,3058,3046,3245,3120,3078,3215
2024-08-21 00:00:00,2713,2988,2876,2817,2901,2861
2024-08-21 01:00:00,2426,2676,2513,2513,2530,2504
2024-08-21 02:00:00,2222,2231,2242,2252,2262,2290
2024-08-21 03:00:00,2121,2231,2134,2171,2186,2203
2024-08-21 04:00:00,2108,2231,2120,2128,2137,2184
2024-08-21 05:00:00,2240,2274,2266,2286,2306,2310
2024-08-21 06:00:00,2576,2809,2660,2631,2689,2684
2024-08-21 07:00:00,3042,3046,3202,3155,3219,3192
2024-08-21 08:00:00,3502,3517,3551,3536,3539,3591
2024-08-21 09:00:00,3880,3517,3587,3614,3594,3681
2024-08-21 10:00:00,4049,3517,3615,3694,3696,3760
2024-08-21 11:00:00,4112,3641,3713,3769,3795,3803
2024-08-21 12:00:00,4134,3641,3742,3779,3802,3805
2024-08-21 13:00:00,4143,3641,3732,3768,3785,3799
2024-08-21 14:00:00,4145,3641,3742,3784,3794,3804
2024-08-21 15:00:00,4157,3926,3818,3816,3836,3858
2024-08-21 16:00:00,4157,3926,3873,3843,3844,3884
2024-08-21 17:00:00,4131,3926,3875,3834,3821,3866
2024-08-21 18:00:00,4006,3926,3865,3804,3761,3853
2024-08-21 19:00:00,3924,3926,3824,3772,3728,3866
2024-08-21 20:00:00,3743,3926,3817,3734,3667,3828
2024-08-21 21:00:00,3458,3692,3653,3617,3598,3659
2024-08-21 22:00:00,3129,3334,3363,3356,3360,3300
2024-08-21 23:00:00,2827,3334,3165,3193,3124,3153
2024-08-22 00:00:00,2526,2988,2847,2850,2856,2869
2024-08-22 01:00:00,2282,2676,2529,2503,2559,2558
2024-08-22 02:00:00,2135,2308,2300,2300,2337,2345
2024-08-22 03:00:00,2045,2231,2174,2154,2150,2208
2024-08-22 04:00:00,2039,2231,2149,2118,2137,2154
2024-08-22 05:00:00,2177,2308,2261,2274,2258,2301
2024-08-22 06:00:00,2531,2421,2527,2519,2508,2548
2024-08-22 07:00:00,3069,2628,2803,2819,2863,2766
2024-08-22 08:00:00,3608,3094,3051,3148,3151,3134
2024-08-22 09:00:00,3958,3266,3423,3431,3422,3456
2024-08-22 10:00:00,4104,3926,3803,3867,3840,3865
2024-08-22 11:00:00,4116,3926,3794,3805,3803,3857
2024-08-22 12:00:00,4161,3926,3902,3928,3904,3983
2024-08-22 13:00:00,4173,3926,3893,3899,3872,3975
2024-08-22 14:00:00,4142,3926,3890,3911,3858,3959
2024-08-22 15:00:00,4128,3926,3860,3844,3819,3914
2024-08-22 16:00:00,4073,3620,3734,3766,3787,3785
2024-08-22 17:00:00,4025,3620,3706,3766,3760,3751
2024-08-22 18:00:00,3848,3620,3670,3718,3693,3712
2024-08-22 19:00:00,3748,3420,3577,3600,3549,3655
2024-08-22 20:00:00,3535,3420,3492,3480,3462,3491
2024-08-22 21:00:00,3259,3366,3391,3364,3345,3374
2024-08-22 22:00:00,2955,3278,3202,3130,3092,3131
2024-08-22 23:00:00,2679,2857,2856,2769,2773,2797
2024-08-23 00:00:00,2407,2628,2579,2549,2606,2607
2024-08-23 01:00:00,2180,2308,2328,2357,2323,2315
2024-08-23 02:00:00,2037,2231,2158,2094,2105,2154
2024-08-23 03:00:00,1946,2011,2083,2051,2047,2090
2024-08-23 04:00:00,1941,2011,2054,2040,2038,2068
2024-08-23 05:00:00,2073,2308,2242,2218,2225,2237
2024-08-23 06:00:00,2409,2628,2606,2587,2593,2609
2024-08-23 07:00:00,2877,3216,3137,3114,3102,3124
2024-08-23 08:00:00,3331,3515,3518,3416,3488,3484
2024-08-23 09:00:00,3677,3515,3624,3621,3632,3618
2024-08-23 10:00:00,3899,3641,3711,3730,3780,3756
2024-08-23 11:00:00,3994,3641,3762,3794,3838,3813
2024-08-23 12:00:00,4059,3641,3778,3845,3867,3877
2024-08-23 13:00:00,4096,3641,3800,3845,3881,3874
2024-08-23 14:00:00,4105,3843,3864,3901,3889,3941
2024-08-23 15:00:00,4085,3843,3841,3894,3885,3947
2024-08-23 16:00:00,4072,3843,3963,3919,3982,4010
2024-08-23 17:00:00,3989,3843,3922,3920,3918,4004
2024-08-23 18:00:00,3776,3620,3713,3776,3777,3815
2024-08-23 19:00:00,3646,3620,3686,3655,3606,3663
2024-08-23 20:00:00,3462,3420,3523,3523,3497,3539
2024-08-23 21:00:00,3188,3420,3443,3402,3413,3446
2024-08-23 22:00:00,2904,3046,3219,3132,3153,3175
2024-08-23 23:00:00,2662,2857,2899,2812,2792,2874
2024-08-24 00:00:00,2397,2475,2613,2607,2659,2699
2024-08-24 01:00:00,2155,2450,2364,2325,2332,2305
2024-08-24 02:00:00,2005,1962,2096,2119,2113,2144
2024-08-24 03:00:00,1903,1962,2007,1970,1998,1994
2024-08-24 04:00:00,1873,1986,1995,1927,1978,1991
2024-08-24 05:00:00,1921,2202,2091,2014,2018,2041
2024-08-24 06:00:00,2054,2279,2261,2191,2206,2216
2024-08-24 07:00:00,2300,2628,2581,2594,2526,2582
2024-08-24 08:00:00,2646,2900,3053,2956,2884,2949
2024-08-24 09:00:00,3041,3266,3355,3303,3232,3317
2024-08-24 10:00:00,3320,3641,3719,3581,3537,3635
2024-08-24 11:00:00,3452,3641,3759,3649,3579,3714
2024-08-24 12:00:00,3406,3641,3740,3620,3563,3671
2024-08-24 13:00:00,3361,3641,3663,3562,3527,3569
2024-08-24 14:00:00,3317,3641,3701,3557,3528,3610
2024-08-24 15:00:00,3350,3620,3708,3597,3544,3677
2024-08-24 16:00:00,3369,3843,3860,3669,3613,3818
2024-08-24 17:00:00,3355,3843,3772,3707,3606,3782
2024-08-24 18:00:00,3332,3620,3672,3587,3540,3664
2024-08-24 19:00:00,3305,3581,3521,3462,3364,3524
2024-08-24 20:00:00,3171,3456,3329,3310,3173,3268
2024-08-24 21:00:00,2961,3278,3190,3130,3050,3169
2024-08-24 22:00:00,2730,3155,2972,2888,2854,2865
2024-08-24 23:00:00,2515,2599,2747,2673,2677,2683
2024-08-25 00:00:00,2266,2297,2504,2459,2478,2476
2024-08-25 01:00:00,2061,2286,2219,2180,2170,2157
2024-08-25 02:00:00,1915,1962,2056,2065,2056,2061
2024-08-25 03:00:00,1829,1868,1934,1919,1943,1906
2024-08-25 04:00:00,1797,1868,1903,1871,1899,1878
2024-08-25 05:00:00,1833,1868,1935,1903,1912,1894
2024-08-25 06:00:00,1945,2064,2092,2080,2061,2067
2024-08-25 07:00:00,2145,2450,2401,2359,2364,2357
2024-08-25 08:00:00,2400,2809,2679,2608,2644,2669
2024-08-25 09:00:00,2704,3052,3140,3028,3078,3075
2024-08-25 10:00:00,2976,3494,3425,3321,3287,3370
2024-08-25 11:00:00,3122,3494,3458,3362,3352,3433
2024-08-25 12:00:00,3231,3259,3447,3342,3349,3420
2024-08-25 13:00:00,3276,3259,3446,3399,3405,3441
2024-08-25 14:00:00,3261,3259,3433,3378,3399,3442
2024-08-25 15:00:00,3247,3259,3431,3396,3381,3441
2024-08-25 16:00:00,3258,3259,3430,3389,3384,3438
2024-08-25 17:00:00,3262,3259,3415,3399,3399,3435
2024-08-25 18:00:00,3286,3259,3327,3328,3324,3377
2024-08-25 19:00:00,3312,3284,3318,3341,3307,3380
2024-08-25 20:00:00,3215,3037,3228,3245,3163,3334
2024-08-25 21:00:00,3013,3037,3167,3116,3027,3251
2024-08-25 22:00:00,2768,2554,2918,2880,2803,2914
2024-08-25 23:00:00,2517,2599,2712,2662,2670,2702
2024-08-26 00:00:00,2241,2450,2446,2409,2427,2327
2024-08-26 01:00:00,2061,2308,2216,2194,2170,2152
2024-08-26 02:00:00,1936,2089,2076,2073,2077,2034
2024-08-26 03:00:00,1875,1886,1951,1946,1960,1938
2024-08-26 04:00:00,1882,2002,1940,1919,1943,1925
2024-08-26 05:00:00,2022,2181,2182,2165,2169,2128
2024-08-26 06:00:00,2360,2297,2544,2541,2503,2528
2024-08-26 07:00:00,2847,3214,3019,2967,2979,2969
2024-08-26 08:00:00,3340,3214,3396,3438,3427,3383
2024-08-26 09:00:00,3672,3338,3467,3494,3478,3514
2024-08-26 10:00:00,3866,3738,3680,3648,3685,3674
2024-08-26 11:00:00,3967,3738,3755,3778,3809,3801
2024-08-26 12:00:00,3979,3738,3764,3783,3805,3792
2024-08-26 13:00:00,3992,3738,3765,3758,3809,3777
2024-08-26 14:00:00,3983,3738,3740,3758,3790,3764
2024-08-26 15:00:00,3980,3595,3782,3848,3848,3864
2024-08-26 16:00:00,3947,3595,3753,3830,3814,3824
2024-08-26 17:00:00,3888,3620,3697,3734,3746,3721
2024-08-26 18:00:00,3677,3517,3591,3640,3648,3685
2024-08-26 19:00:00,3565,3420,3490,3499,3518,3497
2024-08-26 20:00:00,3389,3420,3479,3459,3493,3493
2024-08-26 21:00:00,3132,3420,3451,3430,3435,3438
2024-08-26 22:00:00,2850,3046,3235,3184,3175,3248
2024-08-26 23:00:00,2583,3046,2929,2921,2882,2863
2024-08-27 00:00:00,2306,2475,2594,2620,2646,2695
2024-08-27 01:00:00,2079,2450,2351,2348,2324,2290
2024-08-27 02:00:00,1950,1980,2087,2121,2114,2142
2024-08-27 03:00:00,1872,1950,2025,2033,2014,2044
2024-08-27 04:00:00,1865,1950,2023,2031,2014,2046
2024-08-27 05:00:00,1997,1980,2131,2148,2153,2164
2024-08-27 06:00:00,2306,2711,2584,2583,2577,2614
2024-08-27 07:00:00,2746,3046,3210,3143,3124,3153
2024-08-27 08:00:00,3150,3517,3490,3414,3412,3431
2024-08-27 09:00:00,3416,3515,3589,3536,3535,3535
2024-08-27 10:00:00,3532,3738,3669,3623,3612,3651
2024-08-27 11:00:00,3549,3738,3674,3646,3638,3653
2024-08-27 12:00:00,3532,3738,3670,3655,3644,3660
2024-08-27 13:00:00,3542,3738,3664,3634,3615,3650
2024-08-27 14:00:00,3585,3738,3670,3666,3677,3694
2024-08-27 15:00:00,3592,3515,3646,3625,3648,3685
2024-08-27 16:00:00,3631,3620,3661,3656,3710,3661
2024-08-27 17:00:00,3621,3620,3665,3700,3718,3672
2024-08-27 18:00:00,3464,3515,3566,3506,3550,3483
2024-08-27 19:00:00,3354,3581,3514,3425,3428,3418
2024-08-27 20:00:00,3173,3420,3400,3351,3311,3320
2024-08-27 21:00:00,2928,3420,3383,3304,3282,3283
2024-08-27 22:00:00,2663,3420,3331,3134,3130,3200
2024-08-27 23:00:00,2410,3057,3068,2944,2982,2987
2024-08-28 00:00:00,2147,2475,2582,2608,2638,2649
2024-08-28 01:00:00,1943,2452,2379,2416,2396,2410
2024-08-28 02:00:00,1818,1980,2132,2145,2118,2086
2024-08-28 03:00:00,1742,1877,2023,2051,2034,2040
2024-08-28 04:00:00,1741,1877,2020,2048,2036,2068
2024-08-28 05:00:00,1864,1980,2154,2134,2117,2121
2024-08-28 06:00:00,2165,2711,2487,2470,2462,2459
2024-08-28 07:00:00,2590,3021,3061,3018,2869,3013
2024-08-28 08:00:00,3039,3581,3442,3334,3364,3280
2024-08-28 09:00:00,3395,3581,3504,3450,3443,3407
2024-08-28 10:00:00,3601,3581,3579,3584,3603,3559
2024-08-28 11:00:00,3696,3581,3600,3596,3610,3561
2024-08-28 12:00:00,3759,3641,3687,3729,3708,3734
2024-08-28 13:00:00,3836,3641,3737,3796,3773,3799
2024-08-28 14:00:00,3889,3933,3807,3863,3810,3871
2024-08-28 15:00:00,3894,3620,3744,3829,3834,3814
2024-08-28 16:00:00,3898,3620,3721,3821,3807,3805
2024-08-28 17:00:00,3844,3620,3719,3824,3808,3801
2024-08-28 18:00:00,3696,3620,3696,3776,3737,3750
2024-08-28 19:00:00,3594,3620,3662,3701,3640,3687
2024-08-28 20:00:00,3396,3420,3487,3546,3538,3564
2024-08-28 21:00:00,3117,3420,3432,3375,3430,3437
2024-08-28 22:00:00,2813,3046,3331,3209,3222,3299
2024-08-28 23:00:00,2525,3046,2909,2932,2913,2887
2024-08-29 00:00:00,2239,2475,2591,2621,2653,2701
2024-08-29 01:00:00,2015,2450,2314,2338,2289,2276
2024-08-29 02:00:00,1877,1877,2040,2109,2073,2116
2024-08-29 03:00:00,1792,1814,1987,2032,2003,1989
2024-08-29 04:00:00,1780,1814,1974,2006,1985,1980
2024-08-29 05:00:00,1896,1877,2077,2107,2118,2118
2024-08-29 06:00:00,2191,2711,2482,2489,2500,2530
2024-08-29 07:00:00,2612,3732,3225,3109,3154,3152
2024-08-29 08:00:00,3054,3515,3516,3395,3433,3452
2024-08-29 09:00:00,3404,3515,3566,3551,3542,3562
2024-08-29 10:00:00,3628,3641,3653,3692,3703,3680
2024-08-29 11:00:00,3747,3641,3737,3803,3797,3785
2024-08-29 12:00:00,3788,3641,3762,3848,3852,3816
2024-08-29 13:00:00,3850,3892,3894,3934,3892,3988
2024-08-29 14:00:00,3894,3926,3942,3985,3953,4000
2024-08-29 15:00:00,3903,4009,3983,4027,4010,4000
2024-08-29 16:00:00,3925,3926,3940,3953,3951,4000
2024-08-29 17:00:00,3919,3892,3871,3929,3933,3994
2024-08-29 18:00:00,3716,3620,3710,3797,3801,3792
2024-08-29 19:00:00,3578,3620,3665,3714,3685,3683
2024-08-29 20:00:00,3355,3420,3471,3522,3489,3519
2024-08-29 21:00:00,3075,3295,3384,3403,3401,3408
2024-08-29 22:00:00,2785,3046,3148,3041,3029,3114
2024-08-29 23:00:00,2508,2599,2730,2706,2743,2728
2024-08-30 00:00:00,2248,2450,2431,2451,2430,2461
2024-08-30 01:00:00,2022,1962,2112,2169,2146,2174
2024-08-30 02:00:00,1885,1950,2005,2046,2026,2016
2024-08-30 03:00:00,1802,1793,1911,1905,1877,1890
2024-08-30 04:00:00,1793,1793,1896,1901,1875,1882
2024-08-30 05:00:00,1911,1794,2016,2058,2049,2064
2024-08-30 06:00:00,2209,2433,2353,2368,2341,2357
2024-08-30 07:00:00,2646,3732,2976,2871,2886,2907
2024-08-30 08:00:00,3106,3515,3492,3384,3394,3436
2024-08-30 09:00:00,3474,3515,3581,3572,3549,3586
2024-08-30 10:00:00,3715,3641,3692,3736,3747,3715
2024-08-30 11:00:00,3826,3641,3747,3812,3831,3816
2024-08-30 12:00:00,3893,3641,3759,3853,3894,3816
2024-08-30 13:00:00,3970,3641,3799,3888,3924,3894
2024-08-30 14:00:00,4020,3843,3916,3996,3946,4014
2024-08-30 15:00:00,4010,3620,3777,3905,3932,3894
2024-08-30 16:00:00,3976,3620,3745,3893,3878,3883
2024-08-30 17:00:00,3898,3620,3740,3877,3871,3866
2024-08-30 18:00:00,3664,3620,3684,3768,3765,3781
2024-08-30 19:00:00,3535,3620,3671,3666,3598,3661
2024-08-30 20:00:00,3347,3420,3461,3466,3451,3469
2024-08-30 21:00:00,3082,3194,3389,3261,3280,3309
2024-08-30 22:00:00,2802,3046,3055,2993,2956,3019
2024-08-30 23:00:00,2557,2475,2672,2723,2726,2724
2024-08-31 00:00:00,2290,2450,2414,2444,2412,2443
2024-08-31 01:00:00,2048,1962,2088,2153,2138,2159
2024-08-31 02:00:00,1893,1986,1981,1979,1989,1964
2024-08-31 03:00:00,1794,1793,1903,1872,1854,1870
2024-08-31 04:00:00,1758,1793,1871,1804,1816,1815
2024-08-31 05:00:00,1795,1986,1954,1883,1880,1883
2024-08-31 06:00:00,1917,1904,2064,2060,2050,2072
2024-08-31 07:00:00,2125,2628,2452,2426,2401,2359
2024-08-31 08:00:00,2415,2709,2777,2673,2651,2698
2024-08-31 09:00:00,2750,3520,3334,3060,3110,3122
2024-08-31 10:00:00,3017,3641,3590,3425,3474,3545
2024-08-31 11:00:00,3163,3641,3610,3495,3525,3577
2024-08-31 12:00:00,3251,3641,3686,3605,3599,3705
2024-08-31 13:00:00,3288,3641,3710,3651,3642,3760
2024-08-31 14:00:00,3290,3641,3672,3628,3607,3736
2024-08-31 15:00:00,3273,3620,3650,3602,3561,3695
2024-08-31 16:00:00,3256,3620,3623,3571,3534,3663
2024-08-31 17:00:00,3244,3620,3605,3580,3536,3683
2024-08-31 18:00:00,3208,3620,3449,3390,3383,3473
2024-08-31 19:00:00,3170,3490,3378,3325,3271,3390
2024-08-31 20:00:00,3045,3037,3115,3060,3028,3155
2024-08-31 21:00:00,2855,3037,3003,2923,2893,2950
2024-08-31 22:00:00,2642,2857,2842,2742,2766,2775
2024-08-31 23:00:00,2422,2628,2640,2577,2571,2567
